Source,Common_name,Year,sexed_fish,unsexed_fish,lengthed,aged_fish,unread_otoliths
WCGBT,arrowtooth flounder,2003,4502,0,4502,512,857
WCGBT,arrowtooth flounder,2004,2713,0,2713,485,202
WCGBT,arrowtooth flounder,2005,3932,3,3935,853,4
WCGBT,arrowtooth flounder,2006,3030,6,3036,475,260
WCGBT,arrowtooth flounder,2007,3520,32,3552,0,894
WCGBT,arrowtooth flounder,2008,3221,6,3227,0,874
WCGBT,arrowtooth flounder,2009,3448,21,3469,0,956
WCGBT,arrowtooth flounder,2010,3697,6,3703,0,1134
WCGBT,arrowtooth flounder,2011,3057,3,3060,0,1043
WCGBT,arrowtooth flounder,2012,3027,18,3045,399,627
WCGBT,arrowtooth flounder,2013,2519,15,2534,400,285
WCGBT,arrowtooth flounder,2014,3537,124,3650,400,523
WCGBT,arrowtooth flounder,2015,3863,5,3851,400,567
WCGBT,arrowtooth flounder,2016,3257,0,3257,400,574
WCGBT,arrowtooth flounder,2017,2200,5,2205,0,862
WCGBT,arrowtooth flounder,2018,1761,0,1761,0,761
WCGBT,arrowtooth flounder,2019,754,0,754,0,376
WCGBT,aurora rockfish,2003,1105,15,1120,404,155
WCGBT,aurora rockfish,2004,1087,0,1087,0,354
WCGBT,aurora rockfish,2005,1669,16,1685,428,139
WCGBT,aurora rockfish,2006,1713,3,1716,0,599
WCGBT,aurora rockfish,2007,1679,15,1694,395,191
WCGBT,aurora rockfish,2008,1702,6,1708,0,706
WCGBT,aurora rockfish,2009,1889,8,1897,403,184
WCGBT,aurora rockfish,2010,1605,29,1634,487,318
WCGBT,aurora rockfish,2011,1481,41,1522,502,282
WCGBT,aurora rockfish,2012,1659,25,1684,470,408
WCGBT,aurora rockfish,2013,849,2,851,0,515
WCGBT,aurora rockfish,2014,1500,8,1497,0,665
WCGBT,aurora rockfish,2015,2050,9,2059,0,793
WCGBT,aurora rockfish,2016,1947,26,1973,0,944
WCGBT,aurora rockfish,2017,2062,8,2070,0,843
WCGBT,aurora rockfish,2018,1756,3,1759,0,906
WCGBT,aurora rockfish,2019,629,1,630,0,332
WCGBT,bank rockfish,2003,6,0,6,0,4
WCGBT,bank rockfish,2004,106,0,106,0,60
WCGBT,bank rockfish,2005,70,26,96,0,50
WCGBT,bank rockfish,2006,255,0,255,0,62
WCGBT,bank rockfish,2007,59,16,75,0,55
WCGBT,bank rockfish,2008,31,0,31,0,31
WCGBT,bank rockfish,2009,82,2,84,0,74
WCGBT,bank rockfish,2010,169,1,170,0,71
WCGBT,bank rockfish,2011,134,4,138,0,52
WCGBT,bank rockfish,2012,31,0,31,0,30
WCGBT,bank rockfish,2013,32,0,32,0,32
WCGBT,bank rockfish,2014,142,3,145,0,111
WCGBT,bank rockfish,2015,60,0,60,0,60
WCGBT,bank rockfish,2016,68,132,200,0,155
WCGBT,bank rockfish,2017,39,0,39,0,39
WCGBT,bank rockfish,2018,295,16,311,0,187
WCGBT,bank rockfish,2019,243,2,245,0,222
WCGBT,big skate,2003,195,2,197,0,0
WCGBT,big skate,2004,259,3,262,0,0
WCGBT,big skate,2005,328,0,328,0,0
WCGBT,big skate,2006,152,3,0,0,0
WCGBT,big skate,2007,191,1,95,0,0
WCGBT,big skate,2008,159,0,159,0,0
WCGBT,big skate,2009,302,3,305,230,0
WCGBT,big skate,2010,466,0,466,333,3
WCGBT,big skate,2011,360,0,360,0,0
WCGBT,big skate,2012,395,0,395,0,0
WCGBT,big skate,2013,316,0,316,0,0
WCGBT,big skate,2014,552,0,552,0,0
WCGBT,big skate,2015,549,0,546,0,0
WCGBT,big skate,2016,422,0,422,138,2
WCGBT,big skate,2017,496,0,496,164,23
WCGBT,big skate,2018,331,0,331,169,2
WCGBT,big skate,2019,180,NA,180,0,82
WCGBT,black rockfish,2004,1,0,1,0,1
WCGBT,black rockfish,2009,2,0,2,0,2
WCGBT,black rockfish,2010,1,0,1,0,1
WCGBT,black rockfish,2015,1,0,1,0,1
WCGBT,black rockfish,2016,1,0,1,0,1
WCGBT,black rockfish,2017,3,0,3,0,3
WCGBT,black rockfish,2019,1,0,1,0,1
WCGBT,blackgill rockfish,2003,129,0,129,0,89
WCGBT,blackgill rockfish,2004,449,0,449,0,175
WCGBT,blackgill rockfish,2005,397,1,398,0,191
WCGBT,blackgill rockfish,2006,750,2,752,0,200
WCGBT,blackgill rockfish,2007,298,0,298,0,194
WCGBT,blackgill rockfish,2008,339,0,339,0,243
WCGBT,blackgill rockfish,2009,535,18,553,0,430
WCGBT,blackgill rockfish,2010,514,8,522,0,461
WCGBT,blackgill rockfish,2011,362,3,365,311,0
WCGBT,blackgill rockfish,2012,503,5,508,419,0
WCGBT,blackgill rockfish,2013,415,4,419,0,348
WCGBT,blackgill rockfish,2014,847,7,854,638,0
WCGBT,blackgill rockfish,2015,717,2,719,580,0
WCGBT,blackgill rockfish,2016,379,0,379,0,361
WCGBT,blackgill rockfish,2017,594,2,596,0,442
WCGBT,blackgill rockfish,2018,968,2,970,0,693
WCGBT,blackgill rockfish,2019,239,1,240,0,226
WCGBT,blue rockfish,2003,19,0,19,0,0
WCGBT,blue rockfish,2008,2,0,2,0,2
WCGBT,blue rockfish,2013,3,0,3,0,3
WCGBT,blue rockfish,2016,13,0,13,0,13
WCGBT,bocaccio,2003,102,5,107,105,2
WCGBT,bocaccio,2004,480,0,480,209,0
WCGBT,bocaccio,2005,270,0,270,146,1
WCGBT,bocaccio,2006,262,0,262,127,8
WCGBT,bocaccio,2007,157,0,157,94,4
WCGBT,bocaccio,2008,109,1,110,85,0
WCGBT,bocaccio,2009,100,0,100,95,5
WCGBT,bocaccio,2010,162,110,272,188,1
WCGBT,bocaccio,2011,105,0,105,105,0
WCGBT,bocaccio,2012,816,1,817,513,3
WCGBT,bocaccio,2013,539,199,738,493,2
WCGBT,bocaccio,2014,995,25,1020,695,16
WCGBT,bocaccio,2015,687,9,696,0,383
WCGBT,bocaccio,2016,1338,109,1447,0,695
WCGBT,bocaccio,2017,952,0,952,0,621
WCGBT,bocaccio,2018,806,0,806,0,601
WCGBT,bocaccio,2019,539,0,539,0,383
WCGBT,brown rockfish,2003,46,2,48,0,0
WCGBT,brown rockfish,2004,28,0,28,0,28
WCGBT,brown rockfish,2005,42,1,43,0,20
WCGBT,brown rockfish,2006,13,0,13,0,13
WCGBT,brown rockfish,2007,1,0,1,0,1
WCGBT,brown rockfish,2008,3,1,4,0,4
WCGBT,brown rockfish,2009,9,0,9,0,9
WCGBT,brown rockfish,2010,15,0,15,0,14
WCGBT,brown rockfish,2011,13,2,15,0,15
WCGBT,brown rockfish,2012,39,0,39,0,29
WCGBT,brown rockfish,2013,39,0,39,0,30
WCGBT,brown rockfish,2014,83,0,83,0,37
WCGBT,brown rockfish,2015,51,0,51,0,50
WCGBT,brown rockfish,2016,7,0,7,0,7
WCGBT,brown rockfish,2017,35,0,35,0,35
WCGBT,brown rockfish,2018,62,0,62,0,62
WCGBT,brown rockfish,2019,32,0,32,0,32
WCGBT,cabezon,2008,1,0,1,0,1
WCGBT,cabezon,2016,0,1,1,0,0
WCGBT,cabezon,2017,1,0,1,0,1
WCGBT,cabezon,2018,1,0,1,0,1
WCGBT,California scorpionfish,2003,69,5,74,0,0
WCGBT,California scorpionfish,2004,115,41,156,0,0
WCGBT,California scorpionfish,2005,169,0,169,75,0
WCGBT,California scorpionfish,2006,46,1,47,45,1
WCGBT,California scorpionfish,2007,191,0,191,68,0
WCGBT,California scorpionfish,2008,50,0,50,49,1
WCGBT,California scorpionfish,2009,346,1,347,130,0
WCGBT,California scorpionfish,2010,58,0,58,42,0
WCGBT,California scorpionfish,2011,239,0,239,116,1
WCGBT,California scorpionfish,2012,94,0,94,66,0
WCGBT,California scorpionfish,2013,259,0,259,67,0
WCGBT,California scorpionfish,2014,91,2,93,73,0
WCGBT,California scorpionfish,2015,160,3,163,57,1
WCGBT,California scorpionfish,2016,127,12,139,95,2
WCGBT,California scorpionfish,2017,275,34,309,0,140
WCGBT,California scorpionfish,2018,287,2,289,0,128
WCGBT,California scorpionfish,2019,215,0,215,0,88
WCGBT,canary rockfish,2003,423,0,423,262,16
WCGBT,canary rockfish,2004,482,0,482,254,1
WCGBT,canary rockfish,2005,529,1,530,231,0
WCGBT,canary rockfish,2006,622,1,623,247,0
WCGBT,canary rockfish,2007,672,1,673,497,0
WCGBT,canary rockfish,2008,701,91,792,452,0
WCGBT,canary rockfish,2009,301,5,306,239,1
WCGBT,canary rockfish,2010,432,63,495,397,0
WCGBT,canary rockfish,2011,569,4,573,364,1
WCGBT,canary rockfish,2012,799,53,852,596,1
WCGBT,canary rockfish,2013,480,NA,512,376,1
WCGBT,canary rockfish,2014,1457,10,1467,901,9
WCGBT,canary rockfish,2015,1061,3,1064,0,738
WCGBT,canary rockfish,2016,1046,9,1055,605,0
WCGBT,canary rockfish,2017,955,15,970,0,528
WCGBT,canary rockfish,2018,716,3,719,0,475
WCGBT,canary rockfish,2019,544,0,544,0,360
WCGBT,chilipepper,2003,2472,136,2608,677,17
WCGBT,chilipepper,2004,3214,251,3465,758,5
WCGBT,chilipepper,2005,3577,128,3704,833,1
WCGBT,chilipepper,2006,2630,NA,2696,611,0
WCGBT,chilipepper,2007,2472,23,2495,590,1
WCGBT,chilipepper,2008,2193,17,2209,698,2
WCGBT,chilipepper,2009,1757,358,2115,619,0
WCGBT,chilipepper,2010,1666,425,2091,806,15
WCGBT,chilipepper,2011,980,78,1058,647,2
WCGBT,chilipepper,2012,1145,132,1277,847,0
WCGBT,chilipepper,2013,891,193,1084,684,0
WCGBT,chilipepper,2014,1619,121,1740,884,2
WCGBT,chilipepper,2015,912,140,1052,0,619
WCGBT,chilipepper,2016,1176,269,1445,0,720
WCGBT,chilipepper,2017,867,38,905,0,540
WCGBT,chilipepper,2018,980,7,987,0,530
WCGBT,chilipepper,2019,658,1,659,0,350
WCGBT,copper rockfish,2003,25,0,25,0,0
WCGBT,copper rockfish,2004,71,0,71,20,51
WCGBT,copper rockfish,2005,19,3,22,1,21
WCGBT,copper rockfish,2006,10,0,10,2,8
WCGBT,copper rockfish,2007,13,0,13,8,5
WCGBT,copper rockfish,2008,44,0,44,14,30
WCGBT,copper rockfish,2009,27,0,27,20,7
WCGBT,copper rockfish,2010,17,1,18,1,17
WCGBT,copper rockfish,2011,12,0,12,9,3
WCGBT,copper rockfish,2012,234,7,241,42,61
WCGBT,copper rockfish,2013,98,0,98,2,32
WCGBT,copper rockfish,2014,40,0,40,4,29
WCGBT,copper rockfish,2015,111,2,113,16,23
WCGBT,copper rockfish,2016,53,43,96,28,49
WCGBT,copper rockfish,2017,125,1,126,20,82
WCGBT,copper rockfish,2018,62,0,62,0,53
WCGBT,copper rockfish,2019,32,0,32,0,32
WCGBT,cowcod,2003,13,0,13,13,0
WCGBT,cowcod,2004,64,0,64,24,40
WCGBT,cowcod,2005,27,3,30,25,5
WCGBT,cowcod,2006,25,0,25,25,0
WCGBT,cowcod,2007,25,0,25,21,4
WCGBT,cowcod,2008,13,3,16,16,0
WCGBT,cowcod,2009,20,3,23,22,1
WCGBT,cowcod,2010,45,15,60,58,2
WCGBT,cowcod,2011,26,3,29,29,0
WCGBT,cowcod,2012,72,1,73,73,0
WCGBT,cowcod,2013,15,11,26,23,1
WCGBT,cowcod,2014,74,3,77,75,2
WCGBT,cowcod,2015,30,0,30,30,0
WCGBT,cowcod,2016,62,3,65,0,65
WCGBT,cowcod,2017,31,3,34,34,0
WCGBT,cowcod,2018,113,3,116,0,107
WCGBT,cowcod,2019,89,0,89,0,89
WCGBT,darkblotched rockfish,2003,2371,4,2375,748,24
WCGBT,darkblotched rockfish,2004,1056,7,1062,595,0
WCGBT,darkblotched rockfish,2005,1972,11,1983,804,0
WCGBT,darkblotched rockfish,2006,1910,15,1925,940,4
WCGBT,darkblotched rockfish,2007,2060,26,2086,987,0
WCGBT,darkblotched rockfish,2008,1632,15,1647,762,0
WCGBT,darkblotched rockfish,2009,2268,30,2298,1159,0
WCGBT,darkblotched rockfish,2010,2224,15,2239,912,0
WCGBT,darkblotched rockfish,2011,1824,4,1828,796,2
WCGBT,darkblotched rockfish,2012,2166,39,2205,791,2
WCGBT,darkblotched rockfish,2013,1543,5,1548,687,3
WCGBT,darkblotched rockfish,2014,1420,97,1517,767,0
WCGBT,darkblotched rockfish,2015,2391,67,2458,1066,2
WCGBT,darkblotched rockfish,2016,2094,3,2097,713,1
WCGBT,darkblotched rockfish,2017,1696,34,1730,0,669
WCGBT,darkblotched rockfish,2018,1268,2,1269,0,585
WCGBT,darkblotched rockfish,2019,822,0,822,0,329
WCGBT,deacon rockfish,2019,12,NA,12,0,9
WCGBT,Dover sole,2003,22866,32,22898,957,2024
WCGBT,Dover sole,2004,17312,40,17349,952,1546
WCGBT,Dover sole,2005,17659,5,17664,989,1513
WCGBT,Dover sole,2006,13496,23,13519,970,1011
WCGBT,Dover sole,2007,11255,10,11265,984,1157
WCGBT,Dover sole,2008,6230,4,6234,948,124
WCGBT,Dover sole,2009,3566,7,3573,1034,20
WCGBT,Dover sole,2010,3206,33,3239,996,176
WCGBT,Dover sole,2011,8396,27,8423,1075,10
WCGBT,Dover sole,2012,8761,15,8776,1088,6
WCGBT,Dover sole,2013,7316,12,7328,809,9
WCGBT,Dover sole,2014,10204,25,10177,1123,7
WCGBT,Dover sole,2015,10029,60,10070,1088,9
WCGBT,Dover sole,2016,10126,34,10160,1120,6
WCGBT,Dover sole,2017,6210,13,6223,1141,15
WCGBT,Dover sole,2018,6015,16,6031,1161,5
WCGBT,Dover sole,2019,3033,1,3034,487,79
WCGBT,English sole,2003,8124,0,8124,182,1584
WCGBT,English sole,2004,8209,4,8210,360,563
WCGBT,English sole,2005,8366,0,8366,356,873
WCGBT,English sole,2006,5383,6,5389,0,980
WCGBT,English sole,2007,3935,10,3945,0,926
WCGBT,English sole,2008,3477,1,3478,0,834
WCGBT,English sole,2009,3346,21,3367,0,893
WCGBT,English sole,2010,2476,1,2477,0,1046
WCGBT,English sole,2011,4448,6,4454,0,1062
WCGBT,English sole,2012,4637,0,4637,0,1078
WCGBT,English sole,2013,3542,3,3545,0,748
WCGBT,English sole,2014,5263,1,5242,0,1138
WCGBT,English sole,2015,5135,0,5105,0,1091
WCGBT,English sole,2016,5223,0,5223,0,622
WCGBT,English sole,2017,3542,7,3549,0,623
WCGBT,English sole,2018,2914,1,2915,0,559
WCGBT,English sole,2019,1413,0,1413,0,282
WCGBT,flag rockfish,2003,77,0,77,0,0
WCGBT,flag rockfish,2004,14,0,14,0,14
WCGBT,flag rockfish,2005,6,1,7,0,7
WCGBT,flag rockfish,2006,25,0,25,0,25
WCGBT,flag rockfish,2007,54,1,55,0,49
WCGBT,flag rockfish,2008,8,0,8,0,8
WCGBT,flag rockfish,2009,29,1,30,3,27
WCGBT,flag rockfish,2010,16,0,16,0,16
WCGBT,flag rockfish,2011,5,0,5,0,5
WCGBT,flag rockfish,2012,69,0,69,0,35
WCGBT,flag rockfish,2013,11,0,11,0,11
WCGBT,flag rockfish,2014,19,0,19,0,19
WCGBT,flag rockfish,2015,18,0,18,0,17
WCGBT,flag rockfish,2016,11,1,12,0,12
WCGBT,flag rockfish,2017,36,0,36,0,29
WCGBT,flag rockfish,2018,34,0,34,0,34
WCGBT,flag rockfish,2019,19,0,19,0,19
WCGBT,flathead sole,2003,1521,0,1521,0,0
WCGBT,flathead sole,2004,507,0,507,0,0
WCGBT,flathead sole,2005,593,0,593,0,0
WCGBT,flathead sole,2006,421,0,421,0,0
WCGBT,flathead sole,2007,137,0,137,0,0
WCGBT,flathead sole,2008,156,1,157,0,0
WCGBT,flathead sole,2009,191,0,191,0,0
WCGBT,flathead sole,2010,393,13,406,0,0
WCGBT,flathead sole,2011,549,5,554,0,203
WCGBT,flathead sole,2012,253,3,256,0,136
WCGBT,flathead sole,2013,289,2,291,0,160
WCGBT,flathead sole,2014,945,35,980,0,519
WCGBT,flathead sole,2015,1649,5,1654,0,659
WCGBT,flathead sole,2016,1236,1,1237,0,517
WCGBT,flathead sole,2017,653,0,653,0,256
WCGBT,flathead sole,2018,515,1,516,0,229
WCGBT,flathead sole,2019,202,0,202,0,85
WCGBT,gopher rockfish,2005,1,0,1,0,1
WCGBT,gopher rockfish,2006,2,0,2,0,2
WCGBT,gopher rockfish,2009,1,0,1,0,1
WCGBT,gopher rockfish,2010,3,0,3,0,3
WCGBT,gopher rockfish,2011,0,1,1,0,1
WCGBT,gopher rockfish,2012,3,2,5,0,3
WCGBT,gopher rockfish,2013,1,1,2,0,2
WCGBT,gopher rockfish,2017,0,1,1,0,1
WCGBT,gopher rockfish,2018,1,0,1,0,1
WCGBT,greenspotted rockfish,2003,420,0,420,0,0
WCGBT,greenspotted rockfish,2004,553,9,562,0,278
WCGBT,greenspotted rockfish,2005,216,9,225,85,42
WCGBT,greenspotted rockfish,2006,459,4,463,0,261
WCGBT,greenspotted rockfish,2007,622,31,653,265,42
WCGBT,greenspotted rockfish,2008,512,45,557,0,244
WCGBT,greenspotted rockfish,2009,650,28,678,351,26
WCGBT,greenspotted rockfish,2010,670,41,711,0,395
WCGBT,greenspotted rockfish,2011,259,9,268,0,225
WCGBT,greenspotted rockfish,2012,393,8,401,0,235
WCGBT,greenspotted rockfish,2013,245,1,246,0,218
WCGBT,greenspotted rockfish,2014,290,6,296,0,221
WCGBT,greenspotted rockfish,2015,243,6,249,0,209
WCGBT,greenspotted rockfish,2016,883,16,899,0,464
WCGBT,greenspotted rockfish,2017,333,1,334,0,213
WCGBT,greenspotted rockfish,2018,377,21,398,0,322
WCGBT,greenspotted rockfish,2019,207,1,208,0,164
WCGBT,greenstriped rockfish,2003,3489,37,3526,577,33
WCGBT,greenstriped rockfish,2004,2654,13,2667,522,7
WCGBT,greenstriped rockfish,2005,3871,27,3898,568,131
WCGBT,greenstriped rockfish,2006,3116,16,3132,524,155
WCGBT,greenstriped rockfish,2007,2325,34,2359,657,5
WCGBT,greenstriped rockfish,2008,1805,60,1865,565,3
WCGBT,greenstriped rockfish,2009,1718,82,1800,0,614
WCGBT,greenstriped rockfish,2010,2156,166,2322,0,747
WCGBT,greenstriped rockfish,2011,1810,123,1933,0,646
WCGBT,greenstriped rockfish,2012,2099,117,2216,0,753
WCGBT,greenstriped rockfish,2013,1449,23,1472,0,494
WCGBT,greenstriped rockfish,2014,2259,15,2274,0,682
WCGBT,greenstriped rockfish,2015,1988,30,2018,0,693
WCGBT,greenstriped rockfish,2016,2302,17,2319,0,736
WCGBT,greenstriped rockfish,2017,1890,29,1919,0,646
WCGBT,greenstriped rockfish,2018,2395,83,2477,0,786
WCGBT,greenstriped rockfish,2019,1163,4,1167,0,382
WCGBT,honeycomb rockfish,2003,1,0,1,0,0
WCGBT,honeycomb rockfish,2005,14,0,14,0,14
WCGBT,honeycomb rockfish,2006,14,0,14,0,14
WCGBT,honeycomb rockfish,2007,68,0,68,0,31
WCGBT,honeycomb rockfish,2008,1,0,1,0,1
WCGBT,honeycomb rockfish,2009,90,0,90,0,15
WCGBT,honeycomb rockfish,2010,22,0,22,0,22
WCGBT,honeycomb rockfish,2012,6,0,6,0,6
WCGBT,honeycomb rockfish,2013,36,0,36,0,36
WCGBT,honeycomb rockfish,2014,1,0,1,0,1
WCGBT,honeycomb rockfish,2016,2,2,4,0,4
WCGBT,honeycomb rockfish,2017,4,0,4,0,4
WCGBT,honeycomb rockfish,2018,14,0,14,0,14
WCGBT,honeycomb rockfish,2019,14,0,14,0,14
WCGBT,kelp greenling,2003,61,0,61,0,0
WCGBT,kelp greenling,2004,97,0,97,0,0
WCGBT,kelp greenling,2005,42,0,42,0,41
WCGBT,kelp greenling,2006,23,0,23,0,23
WCGBT,kelp greenling,2007,39,0,39,0,39
WCGBT,kelp greenling,2008,19,0,19,0,19
WCGBT,kelp greenling,2009,27,0,27,0,27
WCGBT,kelp greenling,2010,46,0,46,0,46
WCGBT,kelp greenling,2011,105,0,105,0,103
WCGBT,kelp greenling,2012,28,0,28,0,27
WCGBT,kelp greenling,2013,25,1,26,0,26
WCGBT,kelp greenling,2014,42,0,42,0,39
WCGBT,kelp greenling,2015,38,0,38,0,37
WCGBT,kelp greenling,2016,80,0,80,0,72
WCGBT,kelp greenling,2017,49,0,49,0,45
WCGBT,kelp greenling,2018,72,0,72,0,68
WCGBT,kelp greenling,2019,6,0,6,0,6
WCGBT,kelp rockfish,2016,4,1,5,0,5
WCGBT,lingcod,2003,1244,86,1330,875,17
WCGBT,lingcod,2004,1343,24,1367,827,25
WCGBT,lingcod,2005,1067,30,1097,840,24
WCGBT,lingcod,2006,1011,1,1012,697,14
WCGBT,lingcod,2007,631,14,645,483,69
WCGBT,lingcod,2008,883,277,1160,838,19
WCGBT,lingcod,2009,933,174,1107,484,483
WCGBT,lingcod,2010,1623,307,1930,518,516
WCGBT,lingcod,2011,1768,85,1853,519,526
WCGBT,lingcod,2012,1940,247,2187,410,418
WCGBT,lingcod,2013,1295,48,1343,365,262
WCGBT,lingcod,2014,2914,69,2924,478,438
WCGBT,lingcod,2015,1797,51,1838,437,323
WCGBT,lingcod,2016,1716,37,1753,366,359
WCGBT,lingcod,2017,1565,NA,1625,286,478
WCGBT,lingcod,2018,1537,17,1554,399,319
WCGBT,lingcod,2019,551,1,552,234,209
WCGBT,longnose skate,2003,2657,2,2655,0,0
WCGBT,longnose skate,2004,2598,1,2599,0,0
WCGBT,longnose skate,2005,3259,2,3259,0,0
WCGBT,longnose skate,2006,3304,3,0,0,0
WCGBT,longnose skate,2007,3834,9,861,0,0
WCGBT,longnose skate,2008,3383,0,3383,0,0
WCGBT,longnose skate,2009,3113,3,3116,0,0
WCGBT,longnose skate,2010,3462,0,3462,0,0
WCGBT,longnose skate,2011,2987,4,2991,321,104
WCGBT,longnose skate,2012,3647,3,3650,328,40
WCGBT,longnose skate,2013,2491,1,2492,0,0
WCGBT,longnose skate,2014,3722,0,3722,0,0
WCGBT,longnose skate,2015,4053,14,4067,0,0
WCGBT,longnose skate,2016,4003,1,4004,0,420
WCGBT,longnose skate,2017,3679,0,3679,0,442
WCGBT,longnose skate,2018,3610,0,3610,0,421
WCGBT,longnose skate,2019,1669,NA,1655,0,220
WCGBT,longspine thornyhead,2003,0,15475,15475,0,955
WCGBT,longspine thornyhead,2004,2790,NA,11173,0,742
WCGBT,longspine thornyhead,2005,9044,4486,13530,0,1103
WCGBT,longspine thornyhead,2006,6407,2674,9081,0,930
WCGBT,longspine thornyhead,2007,4567,1631,6198,0,958
WCGBT,longspine thornyhead,2008,2775,NA,3635,0,989
WCGBT,longspine thornyhead,2009,2333,777,3110,0,956
WCGBT,longspine thornyhead,2010,2297,785,3082,0,1032
WCGBT,longspine thornyhead,2011,4074,NA,5188,0,1002
WCGBT,longspine thornyhead,2012,3572,1388,4960,0,980
WCGBT,longspine thornyhead,2013,2643,642,3285,0,621
WCGBT,longspine thornyhead,2014,3938,947,4885,0,922
WCGBT,longspine thornyhead,2015,4051,771,4822,0,919
WCGBT,longspine thornyhead,2016,3837,1026,4863,0,529
WCGBT,longspine thornyhead,2017,3912,728,4640,0,478
WCGBT,longspine thornyhead,2018,3841,1039,4880,0,495
WCGBT,longspine thornyhead,2019,1664,298,1962,0,221
WCGBT,olive rockfish,2004,1,0,1,0,1
WCGBT,olive rockfish,2016,1,0,1,0,1
WCGBT,Pacific cod,2003,783,0,783,0,0
WCGBT,Pacific cod,2004,290,0,290,0,0
WCGBT,Pacific cod,2005,199,0,199,0,0
WCGBT,Pacific cod,2006,166,0,166,0,0
WCGBT,Pacific cod,2007,177,0,177,0,0
WCGBT,Pacific cod,2008,72,0,72,0,0
WCGBT,Pacific cod,2009,123,0,123,0,0
WCGBT,Pacific cod,2010,404,0,404,0,221
WCGBT,Pacific cod,2011,294,7,301,0,150
WCGBT,Pacific cod,2012,154,0,154,0,89
WCGBT,Pacific cod,2013,173,2,175,0,33
WCGBT,Pacific cod,2014,240,0,240,0,185
WCGBT,Pacific cod,2015,328,0,328,0,270
WCGBT,Pacific cod,2016,231,0,231,0,148
WCGBT,Pacific cod,2017,93,0,93,0,92
WCGBT,Pacific cod,2018,45,0,45,0,45
WCGBT,Pacific cod,2019,69,0,69,0,33
WCGBT,Pacific ocean perch,2003,1425,1,1426,432,2
WCGBT,Pacific ocean perch,2004,565,0,565,219,0
WCGBT,Pacific ocean perch,2005,525,1,526,257,0
WCGBT,Pacific ocean perch,2006,659,0,659,254,1
WCGBT,Pacific ocean perch,2007,627,1,628,439,0
WCGBT,Pacific ocean perch,2008,505,34,539,328,0
WCGBT,Pacific ocean perch,2009,435,36,471,331,2
WCGBT,Pacific ocean perch,2010,903,4,907,579,0
WCGBT,Pacific ocean perch,2011,849,72,921,674,3
WCGBT,Pacific ocean perch,2012,1166,9,1175,0,699
WCGBT,Pacific ocean perch,2013,730,2,732,199,354
WCGBT,Pacific ocean perch,2014,902,89,991,626,0
WCGBT,Pacific ocean perch,2015,1143,22,1165,840,5
WCGBT,Pacific ocean perch,2016,1150,0,1150,703,67
WCGBT,Pacific ocean perch,2017,968,8,976,0,778
WCGBT,Pacific ocean perch,2018,642,6,648,0,537
WCGBT,Pacific ocean perch,2019,345,0,345,0,291
WCGBT,Pacific sanddab,2003,8853,74,8927,787,8
WCGBT,Pacific sanddab,2004,10755,0,10755,1419,8
WCGBT,Pacific sanddab,2005,10126,0,10126,993,14
WCGBT,Pacific sanddab,2006,5902,2,5904,704,15
WCGBT,Pacific sanddab,2007,4293,26,4319,725,10
WCGBT,Pacific sanddab,2008,4527,9,4536,768,6
WCGBT,Pacific sanddab,2009,2815,6,2821,0,813
WCGBT,Pacific sanddab,2010,1501,11,1512,1018,133
WCGBT,Pacific sanddab,2011,4486,90,4576,752,96
WCGBT,Pacific sanddab,2012,4536,78,4614,820,106
WCGBT,Pacific sanddab,2013,3275,52,3327,0,618
WCGBT,Pacific sanddab,2014,4992,47,5039,0,929
WCGBT,Pacific sanddab,2015,4997,34,5026,0,926
WCGBT,Pacific sanddab,2016,4565,6,4571,0,463
WCGBT,Pacific sanddab,2017,3057,6,3063,0,466
WCGBT,Pacific sanddab,2018,2590,7,2597,0,436
WCGBT,Pacific sanddab,2019,1230,5,1235,0,215
WCGBT,Pacific spiny dogfish,2003,3789,2,3789,0,673
WCGBT,Pacific spiny dogfish,2004,2482,1,2481,0,540
WCGBT,Pacific spiny dogfish,2005,3565,1,3566,0,864
WCGBT,Pacific spiny dogfish,2006,3882,18,3900,0,786
WCGBT,Pacific spiny dogfish,2007,2419,2,2421,0,749
WCGBT,Pacific spiny dogfish,2008,2847,27,2874,0,887
WCGBT,Pacific spiny dogfish,2009,1658,3,1661,0,632
WCGBT,Pacific spiny dogfish,2010,1723,4,1727,591,440
WCGBT,Pacific spiny dogfish,2011,1635,2,1637,0,639
WCGBT,Pacific spiny dogfish,2012,1507,2,1509,0,563
WCGBT,Pacific spiny dogfish,2013,616,0,613,0,287
WCGBT,Pacific spiny dogfish,2014,1496,2,1476,0,470
WCGBT,Pacific spiny dogfish,2015,669,1,670,0,350
WCGBT,Pacific spiny dogfish,2016,771,0,771,0,291
WCGBT,Pacific spiny dogfish,2017,532,0,532,0,223
WCGBT,Pacific spiny dogfish,2018,774,0,774,0,330
WCGBT,Pacific spiny dogfish,2019,489,0,489,0,187
WCGBT,petrale sole,2003,2833,4,2837,765,835
WCGBT,petrale sole,2004,3345,1,3346,723,1133
WCGBT,petrale sole,2005,4539,16,4555,752,1093
WCGBT,petrale sole,2006,3664,4,3668,774,201
WCGBT,petrale sole,2007,3403,6,3409,690,289
WCGBT,petrale sole,2008,3042,5,3047,746,279
WCGBT,petrale sole,2009,3385,2,3387,777,283
WCGBT,petrale sole,2010,6049,3,6052,801,593
WCGBT,petrale sole,2011,6172,4,6176,799,561
WCGBT,petrale sole,2012,5366,6,5372,777,510
WCGBT,petrale sole,2013,3440,5,3445,843,1
WCGBT,petrale sole,2014,4805,17,4822,766,472
WCGBT,petrale sole,2015,4253,4,4236,751,406
WCGBT,petrale sole,2016,4383,2,4385,893,23
WCGBT,petrale sole,2017,4260,1,4261,884,4
WCGBT,petrale sole,2018,3782,1,3783,810,6
WCGBT,petrale sole,2019,1795,2,1797,0,624
WCGBT,quillback rockfish,2003,3,0,3,0,0
WCGBT,quillback rockfish,2005,2,0,2,2,0
WCGBT,quillback rockfish,2006,3,0,3,3,0
WCGBT,quillback rockfish,2007,20,0,20,16,0
WCGBT,quillback rockfish,2008,37,0,37,22,0
WCGBT,quillback rockfish,2009,3,0,3,3,0
WCGBT,quillback rockfish,2010,2,0,2,2,0
WCGBT,quillback rockfish,2011,6,0,6,6,0
WCGBT,quillback rockfish,2012,46,0,46,26,0
WCGBT,quillback rockfish,2013,1,1,2,1,0
WCGBT,quillback rockfish,2014,25,0,25,24,1
WCGBT,quillback rockfish,2015,7,1,8,8,0
WCGBT,quillback rockfish,2016,9,0,9,9,0
WCGBT,quillback rockfish,2017,15,1,16,16,0
WCGBT,quillback rockfish,2018,21,0,21,21,0
WCGBT,quillback rockfish,2019,16,0,16,16,0
WCGBT,redbanded rockfish,2003,272,0,272,0,179
WCGBT,redbanded rockfish,2004,156,2,158,0,144
WCGBT,redbanded rockfish,2005,168,3,171,0,171
WCGBT,redbanded rockfish,2006,145,7,152,0,145
WCGBT,redbanded rockfish,2007,166,12,178,0,178
WCGBT,redbanded rockfish,2008,142,4,146,0,146
WCGBT,redbanded rockfish,2009,135,7,142,0,142
WCGBT,redbanded rockfish,2010,166,1,167,0,167
WCGBT,redbanded rockfish,2011,208,3,211,0,203
WCGBT,redbanded rockfish,2012,143,6,149,0,149
WCGBT,redbanded rockfish,2013,180,9,189,0,189
WCGBT,redbanded rockfish,2014,219,4,223,0,203
WCGBT,redbanded rockfish,2015,187,2,189,0,189
WCGBT,redbanded rockfish,2016,111,3,114,0,114
WCGBT,redbanded rockfish,2017,262,8,270,0,268
WCGBT,redbanded rockfish,2018,266,7,273,0,236
WCGBT,redbanded rockfish,2019,114,2,116,0,109
WCGBT,rex sole,2003,10843,0,10843,0,0
WCGBT,rex sole,2004,13884,48,13932,0,0
WCGBT,rex sole,2005,15980,27,16007,0,0
WCGBT,rex sole,2006,11580,0,11580,0,0
WCGBT,rex sole,2007,9608,13,9621,0,801
WCGBT,rex sole,2008,7166,61,7227,0,763
WCGBT,rex sole,2009,4088,26,4114,0,780
WCGBT,rex sole,2010,2611,47,2658,0,885
WCGBT,rex sole,2011,6921,67,6988,0,838
WCGBT,rex sole,2012,7399,27,7426,0,850
WCGBT,rex sole,2013,5720,9,5729,0,600
WCGBT,rex sole,2014,8688,15,8682,0,852
WCGBT,rex sole,2015,8535,17,8517,0,818
WCGBT,rex sole,2016,8643,24,8667,0,841
WCGBT,rex sole,2017,5203,28,5231,0,829
WCGBT,rex sole,2018,4822,9,4831,0,850
WCGBT,rex sole,2019,2423,1,2424,0,415
WCGBT,rougheye and blackspotted rockfish,2003,112,0,112,56,0
WCGBT,rougheye and blackspotted rockfish,2004,113,2,115,78,0
WCGBT,rougheye and blackspotted rockfish,2005,259,0,259,139,1
WCGBT,rougheye and blackspotted rockfish,2006,101,1,102,94,6
WCGBT,rougheye and blackspotted rockfish,2007,107,1,108,107,0
WCGBT,rougheye and blackspotted rockfish,2008,120,2,122,121,1
WCGBT,rougheye and blackspotted rockfish,2009,126,0,126,91,5
WCGBT,rougheye and blackspotted rockfish,2010,89,0,89,88,1
WCGBT,rougheye and blackspotted rockfish,2011,115,0,115,109,6
WCGBT,rougheye and blackspotted rockfish,2012,85,2,87,79,6
WCGBT,rougheye and blackspotted rockfish,2013,67,1,68,0,68
WCGBT,rougheye and blackspotted rockfish,2014,40,2,42,0,23
WCGBT,rougheye and blackspotted rockfish,2015,182,3,185,0,174
WCGBT,rougheye and blackspotted rockfish,2016,103,2,105,0,105
WCGBT,rougheye and blackspotted rockfish,2017,165,3,168,0,124
WCGBT,rougheye and blackspotted rockfish,2018,97,0,97,0,97
WCGBT,rougheye and blackspotted rockfish,2019,57,1,58,0,58
WCGBT,sablefish,2003,5779,20,5799,1389,992
WCGBT,sablefish,2004,4536,4,4540,1086,1053
WCGBT,sablefish,2005,5543,24,5567,1575,1295
WCGBT,sablefish,2006,4831,2,4833,1363,1306
WCGBT,sablefish,2007,4461,10,4470,1259,857
WCGBT,sablefish,2008,3430,543,3973,1190,995
WCGBT,sablefish,2009,3659,29,3688,1181,669
WCGBT,sablefish,2010,3828,404,4232,1271,876
WCGBT,sablefish,2011,4624,50,4674,1193,600
WCGBT,sablefish,2012,4367,15,4381,1091,606
WCGBT,sablefish,2013,3146,134,3280,992,212
WCGBT,sablefish,2014,4337,7,4319,1200,600
WCGBT,sablefish,2015,4923,21,4910,1197,528
WCGBT,sablefish,2016,4425,119,4544,1213,256
WCGBT,sablefish,2017,4866,17,4883,1219,354
WCGBT,sablefish,2018,4780,5,4785,1482,11
WCGBT,sablefish,2019,2223,3,2226,874,10
WCGBT,sand sole,2003,79,0,79,0,0
WCGBT,sand sole,2004,29,0,29,0,0
WCGBT,sand sole,2005,31,0,31,0,0
WCGBT,sand sole,2006,11,1,12,0,0
WCGBT,sand sole,2007,37,0,37,0,0
WCGBT,sand sole,2008,62,0,62,0,62
WCGBT,sand sole,2009,48,0,48,0,38
WCGBT,sand sole,2010,93,0,93,0,93
WCGBT,sand sole,2011,123,0,123,0,122
WCGBT,sand sole,2012,37,0,37,0,34
WCGBT,sand sole,2013,47,0,47,0,43
WCGBT,sand sole,2014,50,0,50,0,50
WCGBT,sand sole,2015,74,0,74,0,0
WCGBT,sand sole,2016,26,0,26,0,0
WCGBT,sand sole,2017,83,0,83,0,0
WCGBT,sand sole,2018,36,0,36,0,0
WCGBT,sand sole,2019,42,0,42,0,42
WCGBT,sharpchin rockfish,2003,2351,5,2355,0,553
WCGBT,sharpchin rockfish,2004,1173,3,1176,0,199
WCGBT,sharpchin rockfish,2005,864,7,871,0,153
WCGBT,sharpchin rockfish,2006,1283,0,1283,0,239
WCGBT,sharpchin rockfish,2007,975,0,975,0,204
WCGBT,sharpchin rockfish,2008,919,4,923,0,365
WCGBT,sharpchin rockfish,2009,934,4,938,0,593
WCGBT,sharpchin rockfish,2010,568,6,574,0,381
WCGBT,sharpchin rockfish,2011,1304,3,1307,0,781
WCGBT,sharpchin rockfish,2012,954,43,997,0,478
WCGBT,sharpchin rockfish,2013,874,0,874,0,375
WCGBT,sharpchin rockfish,2014,1359,64,1421,0,606
WCGBT,sharpchin rockfish,2015,1052,41,1093,0,620
WCGBT,sharpchin rockfish,2016,844,10,854,0,501
WCGBT,sharpchin rockfish,2017,830,16,846,0,535
WCGBT,sharpchin rockfish,2018,720,3,723,0,437
WCGBT,sharpchin rockfish,2019,443,0,443,0,289
WCGBT,shortraker rockfish,2003,3,0,3,0,0
WCGBT,shortraker rockfish,2004,8,0,8,0,8
WCGBT,shortraker rockfish,2005,8,0,8,0,8
WCGBT,shortraker rockfish,2013,1,0,1,0,1
WCGBT,shortraker rockfish,2014,3,0,3,0,3
WCGBT,shortraker rockfish,2015,18,0,18,0,17
WCGBT,shortraker rockfish,2017,3,0,3,0,3
WCGBT,shortraker rockfish,2018,2,0,2,0,2
WCGBT,shortspine thornyhead,2003,59,7634,7693,0,1255
WCGBT,shortspine thornyhead,2004,2187,4507,6694,0,1671
WCGBT,shortspine thornyhead,2005,6736,1311,8047,0,1374
WCGBT,shortspine thornyhead,2006,5280,918,6198,0,1244
WCGBT,shortspine thornyhead,2007,4779,720,5499,0,1294
WCGBT,shortspine thornyhead,2008,4040,657,4697,0,1301
WCGBT,shortspine thornyhead,2009,3554,641,4195,0,1229
WCGBT,shortspine thornyhead,2010,3200,659,3859,0,1272
WCGBT,shortspine thornyhead,2011,3896,801,4697,0,1236
WCGBT,shortspine thornyhead,2012,3670,1008,4678,0,1243
WCGBT,shortspine thornyhead,2013,2465,654,3089,0,891
WCGBT,shortspine thornyhead,2014,3847,770,4592,0,1256
WCGBT,shortspine thornyhead,2015,3713,798,4496,0,1220
WCGBT,shortspine thornyhead,2016,3991,613,4604,0,1000
WCGBT,shortspine thornyhead,2017,4328,402,4730,0,1009
WCGBT,shortspine thornyhead,2018,4489,507,4996,0,733
WCGBT,shortspine thornyhead,2019,2263,138,2401,0,340
WCGBT,speckled rockfish,2006,17,0,17,0,17
WCGBT,speckled rockfish,2007,106,0,106,0,25
WCGBT,speckled rockfish,2009,19,0,19,0,19
WCGBT,speckled rockfish,2010,4,3,7,0,7
WCGBT,speckled rockfish,2012,1,0,1,0,1
WCGBT,speckled rockfish,2013,70,0,70,0,23
WCGBT,speckled rockfish,2014,11,0,11,0,11
WCGBT,speckled rockfish,2016,11,0,11,0,11
WCGBT,speckled rockfish,2017,8,0,8,0,8
WCGBT,speckled rockfish,2018,1,0,1,0,1
WCGBT,speckled rockfish,2019,4,0,4,0,4
WCGBT,splitnose rockfish,2003,6304,417,6633,513,555
WCGBT,splitnose rockfish,2004,4821,314,5135,418,9
WCGBT,splitnose rockfish,2005,4052,415,4467,498,45
WCGBT,splitnose rockfish,2006,3181,380,3561,494,120
WCGBT,splitnose rockfish,2007,2775,NA,3363,495,389
WCGBT,splitnose rockfish,2008,2539,NA,2918,488,342
WCGBT,splitnose rockfish,2009,2447,520,2967,0,895
WCGBT,splitnose rockfish,2010,1525,496,2021,0,710
WCGBT,splitnose rockfish,2011,1678,473,2151,0,725
WCGBT,splitnose rockfish,2012,1658,257,1915,0,745
WCGBT,splitnose rockfish,2013,1185,222,1407,0,555
WCGBT,splitnose rockfish,2014,1614,345,1959,0,701
WCGBT,splitnose rockfish,2015,1616,265,1881,0,697
WCGBT,splitnose rockfish,2016,1758,165,1923,0,729
WCGBT,splitnose rockfish,2017,1587,304,1891,0,520
WCGBT,splitnose rockfish,2018,1579,212,1791,0,470
WCGBT,splitnose rockfish,2019,969,101,1070,0,294
WCGBT,squarespot rockfish,2003,30,0,30,0,0
WCGBT,squarespot rockfish,2004,141,18,159,0,25
WCGBT,squarespot rockfish,2005,219,26,245,41,26
WCGBT,squarespot rockfish,2006,151,1,152,10,39
WCGBT,squarespot rockfish,2007,333,91,424,33,60
WCGBT,squarespot rockfish,2008,234,5,239,36,44
WCGBT,squarespot rockfish,2009,487,3,490,34,74
WCGBT,squarespot rockfish,2010,181,4,185,17,46
WCGBT,squarespot rockfish,2011,64,13,77,11,24
WCGBT,squarespot rockfish,2012,28,4,32,5,27
WCGBT,squarespot rockfish,2013,517,7,524,21,73
WCGBT,squarespot rockfish,2014,17,215,232,6,40
WCGBT,squarespot rockfish,2015,223,24,247,34,52
WCGBT,squarespot rockfish,2016,172,157,329,59,79
WCGBT,squarespot rockfish,2017,277,45,322,62,66
WCGBT,squarespot rockfish,2018,193,47,240,17,91
WCGBT,squarespot rockfish,2019,187,19,206,22,43
WCGBT,starry flounder,2004,36,0,36,0,30
WCGBT,starry flounder,2005,41,1,42,0,31
WCGBT,starry flounder,2006,7,0,7,0,7
WCGBT,starry flounder,2007,15,0,15,0,15
WCGBT,starry flounder,2008,22,0,22,0,22
WCGBT,starry flounder,2009,21,0,21,0,21
WCGBT,starry flounder,2010,27,0,27,0,27
WCGBT,starry flounder,2011,62,0,62,0,62
WCGBT,starry flounder,2012,15,0,15,0,15
WCGBT,starry flounder,2013,26,0,26,0,0
WCGBT,starry flounder,2014,36,0,36,0,36
WCGBT,starry flounder,2015,42,0,42,0,33
WCGBT,starry flounder,2016,43,0,43,0,43
WCGBT,starry flounder,2017,29,0,29,0,29
WCGBT,starry flounder,2018,23,0,23,0,23
WCGBT,starry flounder,2019,13,0,13,0,13
WCGBT,starry rockfish,2003,1,0,1,0,0
WCGBT,starry rockfish,2004,3,0,3,0,3
WCGBT,starry rockfish,2005,3,0,3,0,3
WCGBT,starry rockfish,2006,1,0,1,0,1
WCGBT,starry rockfish,2007,6,0,6,0,6
WCGBT,starry rockfish,2008,2,0,2,0,2
WCGBT,starry rockfish,2009,17,1,18,0,18
WCGBT,starry rockfish,2010,2,0,2,0,2
WCGBT,starry rockfish,2011,1,0,1,0,1
WCGBT,starry rockfish,2012,3,0,3,0,3
WCGBT,starry rockfish,2013,2,0,2,0,0
WCGBT,starry rockfish,2016,2,0,2,0,2
WCGBT,starry rockfish,2017,9,0,9,0,6
WCGBT,starry rockfish,2018,9,1,10,0,10
WCGBT,starry rockfish,2019,16,0,16,0,16
WCGBT,vermilion and sunset rockfish,2010,78,28,106,93,13
WCGBT,vermilion and sunset rockfish,2011,28,0,28,4,24
WCGBT,vermilion and sunset rockfish,2012,467,4,471,106,204
WCGBT,vermilion and sunset rockfish,2013,396,9,405,70,165
WCGBT,vermilion and sunset rockfish,2014,35,2,37,26,11
WCGBT,vermilion and sunset rockfish,2015,226,0,226,9,138
WCGBT,vermilion and sunset rockfish,2016,75,25,100,56,44
WCGBT,vermilion and sunset rockfish,2017,199,44,243,75,132
WCGBT,vermilion and sunset rockfish,2018,196,1,197,47,93
WCGBT,vermilion and sunset rockfish,2019,172,0,172,44,89
WCGBT,vermilion rockfish,2003,61,1,62,0,0
WCGBT,vermilion rockfish,2004,8,1,9,8,0
WCGBT,vermilion rockfish,2005,48,1,49,11,17
WCGBT,vermilion rockfish,2006,27,0,27,18,9
WCGBT,vermilion rockfish,2007,120,0,120,56,0
WCGBT,vermilion rockfish,2008,73,1,74,39,26
WCGBT,vermilion rockfish,2009,223,0,223,114,15
WCGBT,widow rockfish,2003,212,4,216,0,10
WCGBT,widow rockfish,2004,84,0,84,43,0
WCGBT,widow rockfish,2005,78,0,78,65,2
WCGBT,widow rockfish,2006,172,0,172,89,0
WCGBT,widow rockfish,2007,91,1,92,83,0
WCGBT,widow rockfish,2008,26,0,26,20,6
WCGBT,widow rockfish,2009,142,0,142,124,0
WCGBT,widow rockfish,2010,240,0,240,116,2
WCGBT,widow rockfish,2011,313,0,313,152,0
WCGBT,widow rockfish,2012,181,0,181,91,2
WCGBT,widow rockfish,2013,361,3,364,246,0
WCGBT,widow rockfish,2014,349,0,349,264,0
WCGBT,widow rockfish,2015,149,0,149,93,0
WCGBT,widow rockfish,2016,888,0,888,556,0
WCGBT,widow rockfish,2017,310,0,310,213,1
WCGBT,widow rockfish,2018,410,0,410,353,0
WCGBT,widow rockfish,2019,219,0,219,0,161
WCGBT,yelloweye rockfish,2003,68,0,68,67,1
WCGBT,yelloweye rockfish,2004,21,0,21,21,0
WCGBT,yelloweye rockfish,2005,40,0,40,40,0
WCGBT,yelloweye rockfish,2006,42,1,43,43,0
WCGBT,yelloweye rockfish,2007,24,2,26,19,7
WCGBT,yelloweye rockfish,2008,43,0,43,43,0
WCGBT,yelloweye rockfish,2009,39,0,39,39,0
WCGBT,yelloweye rockfish,2010,52,0,52,52,0
WCGBT,yelloweye rockfish,2011,47,0,47,47,0
WCGBT,yelloweye rockfish,2012,44,0,44,44,0
WCGBT,yelloweye rockfish,2013,38,0,38,35,2
WCGBT,yelloweye rockfish,2014,92,0,92,92,0
WCGBT,yelloweye rockfish,2015,51,0,51,51,0
WCGBT,yelloweye rockfish,2016,91,0,91,91,0
WCGBT,yelloweye rockfish,2017,45,0,45,0,45
WCGBT,yelloweye rockfish,2018,50,0,50,0,50
WCGBT,yelloweye rockfish,2019,34,0,34,0,34
WCGBT,yellowtail rockfish,2003,815,34,849,275,0
WCGBT,yellowtail rockfish,2004,626,0,626,187,1
WCGBT,yellowtail rockfish,2005,1047,0,1047,348,2
WCGBT,yellowtail rockfish,2006,386,0,386,169,0
WCGBT,yellowtail rockfish,2007,946,12,958,277,2
WCGBT,yellowtail rockfish,2008,682,8,690,355,0
WCGBT,yellowtail rockfish,2009,457,0,457,333,0
WCGBT,yellowtail rockfish,2010,1130,1,1131,486,432
WCGBT,yellowtail rockfish,2011,788,0,788,469,0
WCGBT,yellowtail rockfish,2012,906,1,907,354,0
WCGBT,yellowtail rockfish,2013,407,0,407,177,0
WCGBT,yellowtail rockfish,2014,1527,1,1528,651,1
WCGBT,yellowtail rockfish,2015,820,0,820,541,1
WCGBT,yellowtail rockfish,2016,2261,0,2261,571,837
WCGBT,yellowtail rockfish,2017,1702,0,1701,0,724
WCGBT,yellowtail rockfish,2018,916,0,916,0,628
WCGBT,yellowtail rockfish,2019,568,0,568,0,345
HKL,Bank Rockfish,2004,12,0,12,0,12
HKL,Bank Rockfish,2005,24,0,24,0,23
HKL,Bank Rockfish,2006,49,0,49,0,49
HKL,Bank Rockfish,2007,15,0,15,0,15
HKL,Bank Rockfish,2008,40,0,39,0,40
HKL,Bank Rockfish,2009,30,0,30,0,30
HKL,Bank Rockfish,2010,75,0,75,0,75
HKL,Bank Rockfish,2011,32,0,32,0,31
HKL,Bank Rockfish,2012,25,0,25,0,25
HKL,Bank Rockfish,2013,38,0,38,0,38
HKL,Bank Rockfish,2014,132,1,133,0,131
HKL,Bank Rockfish,2015,385,3,387,0,387
HKL,Bank Rockfish,2016,312,1,312,0,312
HKL,Bank Rockfish,2017,382,8,383,0,378
HKL,Bank Rockfish,2018,560,5,560,0,560
HKL,Bank Rockfish,2019,418,3,418,0,414
HKL,Blackgill Rockfish,2010,1,0,1,0,1
HKL,Blackgill Rockfish,2013,1,0,1,0,1
HKL,Blackgill Rockfish,2018,3,0,3,0,3
HKL,Blue Rockfish,2004,47,0,47,0,47
HKL,Blue Rockfish,2005,64,1,64,0,65
HKL,Blue Rockfish,2006,40,1,40,0,40
HKL,Blue Rockfish,2007,21,0,21,0,21
HKL,Blue Rockfish,2008,39,0,39,0,39
HKL,Blue Rockfish,2009,17,0,17,0,15
HKL,Blue Rockfish,2010,27,0,27,0,27
HKL,Blue Rockfish,2011,36,0,36,0,36
HKL,Blue Rockfish,2012,4,0,4,0,3
HKL,Blue Rockfish,2013,10,1,10,0,10
HKL,Blue Rockfish,2014,38,2,38,0,36
HKL,Blue Rockfish,2015,61,1,61,0,60
HKL,Blue Rockfish,2016,64,0,64,0,61
HKL,Blue Rockfish,2017,92,0,92,0,89
HKL,Blue Rockfish,2018,65,2,65,0,62
HKL,Blue Rockfish,2019,48,2,50,0,45
HKL,Bocaccio,2004,780,1,780,0,725
HKL,Bocaccio,2005,659,8,664,0,665
HKL,Bocaccio,2006,732,5,730,0,733
HKL,Bocaccio,2007,641,5,643,0,640
HKL,Bocaccio,2008,653,0,652,0,649
HKL,Bocaccio,2009,586,0,586,0,583
HKL,Bocaccio,2010,268,4,271,0,268
HKL,Bocaccio,2011,767,11,771,0,765
HKL,Bocaccio,2012,1072,5,1072,0,1067
HKL,Bocaccio,2013,1126,3,1127,0,1123
HKL,Bocaccio,2014,1790,6,1789,0,1790
HKL,Bocaccio,2015,1950,5,1947,0,806
HKL,Bocaccio,2016,1255,22,1256,0,536
HKL,Bocaccio,2017,1351,4,1349,0,554
HKL,Bocaccio,2018,1420,4,1416,0,581
HKL,Bocaccio,2019,1369,14,1376,0,498
HKL,Brown Rockfish,2004,1,0,1,0,1
HKL,Brown Rockfish,2005,3,0,3,0,3
HKL,Brown Rockfish,2007,2,0,2,0,2
HKL,Brown Rockfish,2008,1,0,1,0,0
HKL,Brown Rockfish,2009,2,0,2,0,2
HKL,Brown Rockfish,2010,1,0,1,0,1
HKL,Brown Rockfish,2011,3,0,3,0,3
HKL,Brown Rockfish,2012,3,0,3,0,3
HKL,Brown Rockfish,2013,1,0,1,0,1
HKL,Brown Rockfish,2016,2,0,2,0,1
HKL,Brown Rockfish,2017,1,0,1,0,1
HKL,Brown Rockfish,2018,2,0,2,0,2
HKL,California Scorpionfish,2005,0,1,1,0,0
HKL,California Scorpionfish,2006,0,2,1,0,1
HKL,California Scorpionfish,2007,0,1,1,0,0
HKL,California Scorpionfish,2010,0,1,1,0,0
HKL,California Scorpionfish,2014,0,2,2,0,0
HKL,California Scorpionfish,2015,0,7,7,0,0
HKL,California Scorpionfish,2017,0,3,3,0,0
HKL,California Scorpionfish,2018,3,1,4,0,3
HKL,Canary Rockfish,2004,21,0,21,21,0
HKL,Canary Rockfish,2005,20,0,20,20,0
HKL,Canary Rockfish,2006,11,0,11,11,0
HKL,Canary Rockfish,2007,21,1,21,21,0
HKL,Canary Rockfish,2008,4,0,4,4,0
HKL,Canary Rockfish,2009,20,0,20,20,0
HKL,Canary Rockfish,2010,16,1,16,16,0
HKL,Canary Rockfish,2011,11,0,11,10,1
HKL,Canary Rockfish,2012,12,0,12,12,0
HKL,Canary Rockfish,2013,12,0,12,12,0
HKL,Canary Rockfish,2014,26,0,26,26,0
HKL,Canary Rockfish,2015,21,0,21,19,1
HKL,Canary Rockfish,2016,11,0,11,0,11
HKL,Canary Rockfish,2017,15,0,15,0,15
HKL,Canary Rockfish,2018,41,0,41,0,41
HKL,Canary Rockfish,2019,41,0,41,0,41
HKL,Chilipepper,2004,67,0,67,0,67
HKL,Chilipepper,2005,71,3,74,0,74
HKL,Chilipepper,2006,44,0,44,0,44
HKL,Chilipepper,2007,82,1,83,0,80
HKL,Chilipepper,2008,89,1,89,0,83
HKL,Chilipepper,2009,86,1,86,0,82
HKL,Chilipepper,2010,50,0,50,0,0
HKL,Chilipepper,2011,122,12,134,0,56
HKL,Chilipepper,2012,75,4,77,0,77
HKL,Chilipepper,2013,72,1,73,0,73
HKL,Chilipepper,2014,167,5,172,0,172
HKL,Chilipepper,2015,169,0,169,0,168
HKL,Chilipepper,2016,143,1,143,0,142
HKL,Chilipepper,2017,307,3,306,0,296
HKL,Chilipepper,2018,263,1,263,0,261
HKL,Chilipepper,2019,265,15,280,0,223
HKL,Copper Rockfish,2004,33,0,33,0,33
HKL,Copper Rockfish,2005,70,0,70,0,69
HKL,Copper Rockfish,2006,58,2,58,0,58
HKL,Copper Rockfish,2007,77,3,77,0,76
HKL,Copper Rockfish,2008,67,0,67,0,67
HKL,Copper Rockfish,2009,104,2,104,0,101
HKL,Copper Rockfish,2010,24,1,24,0,23
HKL,Copper Rockfish,2011,56,0,56,0,53
HKL,Copper Rockfish,2012,63,0,63,0,62
HKL,Copper Rockfish,2013,46,0,46,0,46
HKL,Copper Rockfish,2014,52,1,53,0,48
HKL,Copper Rockfish,2015,99,0,99,0,98
HKL,Copper Rockfish,2016,108,1,109,0,108
HKL,Copper Rockfish,2017,75,0,75,0,69
HKL,Copper Rockfish,2018,108,0,108,0,105
HKL,Copper Rockfish,2019,64,3,65,0,63
HKL,Cowcod,2004,5,0,5,5,0
HKL,Cowcod,2005,17,0,17,17,0
HKL,Cowcod,2006,10,0,10,10,0
HKL,Cowcod,2007,23,0,23,23,0
HKL,Cowcod,2008,22,0,22,21,0
HKL,Cowcod,2009,30,0,30,30,0
HKL,Cowcod,2010,21,0,21,21,0
HKL,Cowcod,2011,24,0,24,22,2
HKL,Cowcod,2012,35,1,36,35,1
HKL,Cowcod,2013,31,0,31,31,0
HKL,Cowcod,2014,30,0,30,24,1
HKL,Cowcod,2015,110,0,110,95,0
HKL,Cowcod,2016,48,0,48,46,0
HKL,Cowcod,2017,62,0,62,60,1
HKL,Cowcod,2018,100,2,100,0,101
HKL,Cowcod,2019,93,0,93,0,93
HKL,Flag Rockfish,2004,10,0,10,0,10
HKL,Flag Rockfish,2005,6,0,6,0,6
HKL,Flag Rockfish,2006,11,0,11,0,11
HKL,Flag Rockfish,2007,12,0,12,0,11
HKL,Flag Rockfish,2008,14,0,14,0,13
HKL,Flag Rockfish,2009,14,0,14,0,12
HKL,Flag Rockfish,2010,15,2,17,0,13
HKL,Flag Rockfish,2011,14,0,14,0,13
HKL,Flag Rockfish,2012,8,0,8,0,6
HKL,Flag Rockfish,2013,4,0,4,0,4
HKL,Flag Rockfish,2014,17,0,17,0,13
HKL,Flag Rockfish,2015,21,0,21,0,18
HKL,Flag Rockfish,2016,6,0,6,0,6
HKL,Flag Rockfish,2017,8,0,8,0,8
HKL,Flag Rockfish,2018,11,0,11,0,10
HKL,Flag Rockfish,2019,9,0,9,0,6
HKL,Gopher Rockfish,2005,1,0,1,0,1
HKL,Gopher Rockfish,2007,2,0,2,0,2
HKL,Gopher Rockfish,2011,1,0,1,0,1
HKL,Gopher Rockfish,2014,2,0,2,0,0
HKL,Gopher Rockfish,2017,1,0,1,0,1
HKL,Gopher Rockfish,2018,1,0,1,0,1
HKL,Greenspotted Rockfish,2004,223,0,223,200,0
HKL,Greenspotted Rockfish,2005,125,4,128,0,129
HKL,Greenspotted Rockfish,2006,209,3,210,206,6
HKL,Greenspotted Rockfish,2007,190,0,189,0,187
HKL,Greenspotted Rockfish,2008,232,3,234,230,2
HKL,Greenspotted Rockfish,2009,272,3,273,0,273
HKL,Greenspotted Rockfish,2010,208,0,208,207,0
HKL,Greenspotted Rockfish,2011,244,2,244,0,242
HKL,Greenspotted Rockfish,2012,222,2,223,0,222
HKL,Greenspotted Rockfish,2013,271,2,271,0,268
HKL,Greenspotted Rockfish,2014,446,4,449,0,446
HKL,Greenspotted Rockfish,2015,378,1,378,0,375
HKL,Greenspotted Rockfish,2016,272,2,274,0,268
HKL,Greenspotted Rockfish,2017,377,4,377,0,362
HKL,Greenspotted Rockfish,2018,382,1,381,0,372
HKL,Greenspotted Rockfish,2019,345,5,347,0,331
HKL,Greenstriped Rockfish,2004,8,0,8,0,7
HKL,Greenstriped Rockfish,2005,8,0,8,0,8
HKL,Greenstriped Rockfish,2006,15,0,15,0,15
HKL,Greenstriped Rockfish,2007,19,0,19,0,19
HKL,Greenstriped Rockfish,2008,22,0,22,0,22
HKL,Greenstriped Rockfish,2009,26,0,26,0,24
HKL,Greenstriped Rockfish,2010,31,0,31,0,31
HKL,Greenstriped Rockfish,2011,19,0,19,0,17
HKL,Greenstriped Rockfish,2012,24,0,24,0,24
HKL,Greenstriped Rockfish,2013,27,1,27,0,27
HKL,Greenstriped Rockfish,2014,46,1,46,0,46
HKL,Greenstriped Rockfish,2015,66,0,66,0,65
HKL,Greenstriped Rockfish,2016,41,1,41,0,41
HKL,Greenstriped Rockfish,2017,111,0,111,0,111
HKL,Greenstriped Rockfish,2018,124,0,124,0,124
HKL,Greenstriped Rockfish,2019,99,0,99,0,93
HKL,Honeycomb Rockfish,2004,3,0,3,0,3
HKL,Honeycomb Rockfish,2005,7,0,7,0,7
HKL,Honeycomb Rockfish,2006,5,1,6,0,6
HKL,Honeycomb Rockfish,2007,9,0,9,0,9
HKL,Honeycomb Rockfish,2008,28,0,28,0,23
HKL,Honeycomb Rockfish,2009,20,0,20,0,18
HKL,Honeycomb Rockfish,2010,19,1,20,0,13
HKL,Honeycomb Rockfish,2011,12,1,13,0,12
HKL,Honeycomb Rockfish,2012,3,0,3,0,2
HKL,Honeycomb Rockfish,2013,25,1,26,0,25
HKL,Honeycomb Rockfish,2014,7,0,7,0,7
HKL,Honeycomb Rockfish,2015,17,1,18,0,14
HKL,Honeycomb Rockfish,2016,16,0,16,0,13
HKL,Honeycomb Rockfish,2017,11,0,11,0,8
HKL,Honeycomb Rockfish,2018,9,0,9,0,9
HKL,Honeycomb Rockfish,2019,7,0,7,0,7
HKL,Lingcod,2004,30,4,32,0,0
HKL,Lingcod,2005,27,14,39,0,0
HKL,Lingcod,2006,13,5,14,0,0
HKL,Lingcod,2007,24,6,26,0,0
HKL,Lingcod,2008,12,0,12,0,0
HKL,Lingcod,2009,19,1,19,0,0
HKL,Lingcod,2010,14,1,15,0,0
HKL,Lingcod,2011,28,7,31,0,0
HKL,Lingcod,2012,27,43,66,0,0
HKL,Lingcod,2013,71,25,94,0,2
HKL,Lingcod,2014,50,41,88,0,0
HKL,Lingcod,2015,51,42,83,0,0
HKL,Lingcod,2016,103,12,105,0,15
HKL,Lingcod,2017,78,4,78,0,31
HKL,Lingcod,2018,79,6,79,0,0
HKL,Lingcod,2019,44,0,44,0,2
HKL,Olive Rockfish,2004,15,0,15,0,15
HKL,Olive Rockfish,2005,3,0,3,0,3
HKL,Olive Rockfish,2006,21,0,21,0,21
HKL,Olive Rockfish,2007,20,0,20,0,19
HKL,Olive Rockfish,2008,52,0,52,0,52
HKL,Olive Rockfish,2009,8,0,8,0,8
HKL,Olive Rockfish,2010,5,0,5,0,5
HKL,Olive Rockfish,2011,7,0,7,0,6
HKL,Olive Rockfish,2012,13,1,13,0,13
HKL,Olive Rockfish,2013,12,0,12,0,9
HKL,Olive Rockfish,2014,60,0,60,0,60
HKL,Olive Rockfish,2015,64,0,64,0,61
HKL,Olive Rockfish,2016,46,0,46,0,44
HKL,Olive Rockfish,2017,80,0,80,0,78
HKL,Olive Rockfish,2018,59,1,59,0,57
HKL,Olive Rockfish,2019,72,0,72,0,57
HKL,Petrale Sole,2014,1,0,1,0,0
HKL,Petrale Sole,2019,1,0,1,0,0
HKL,Sharpchin Rockfish,2010,1,0,1,0,1
HKL,Sharpchin Rockfish,2013,1,0,1,0,1
HKL,Sharpchin Rockfish,2014,1,0,1,0,1
HKL,Sharpchin Rockfish,2018,2,0,2,0,2
HKL,Sharpchin Rockfish,2019,4,0,4,0,4
HKL,Speckled Rockfish,2004,42,0,42,0,41
HKL,Speckled Rockfish,2005,28,0,28,0,27
HKL,Speckled Rockfish,2006,113,0,112,0,113
HKL,Speckled Rockfish,2007,42,0,42,0,39
HKL,Speckled Rockfish,2008,138,0,138,0,137
HKL,Speckled Rockfish,2009,86,1,86,0,85
HKL,Speckled Rockfish,2010,87,3,90,0,85
HKL,Speckled Rockfish,2011,70,0,70,0,68
HKL,Speckled Rockfish,2012,58,0,58,0,54
HKL,Speckled Rockfish,2013,59,0,59,0,59
HKL,Speckled Rockfish,2014,302,0,302,0,298
HKL,Speckled Rockfish,2015,541,4,541,0,534
HKL,Speckled Rockfish,2016,559,3,559,0,553
HKL,Speckled Rockfish,2017,362,5,362,0,351
HKL,Speckled Rockfish,2018,624,2,621,0,573
HKL,Speckled Rockfish,2019,345,4,345,0,326
HKL,Spiny Dogfish,2005,2,0,2,0,0
HKL,Spiny Dogfish,2006,1,0,1,0,0
HKL,Spiny Dogfish,2012,1,0,1,0,0
HKL,Spiny Dogfish,2017,1,0,1,0,0
HKL,Squarespot Rockfish,2004,6,0,6,1,5
HKL,Squarespot Rockfish,2005,26,2,28,4,21
HKL,Squarespot Rockfish,2006,35,1,35,7,27
HKL,Squarespot Rockfish,2007,10,0,10,7,3
HKL,Squarespot Rockfish,2008,63,1,64,7,52
HKL,Squarespot Rockfish,2009,20,0,20,4,15
HKL,Squarespot Rockfish,2010,28,0,28,3,23
HKL,Squarespot Rockfish,2011,24,0,24,2,19
HKL,Squarespot Rockfish,2012,4,0,4,0,4
HKL,Squarespot Rockfish,2013,8,0,8,2,6
HKL,Squarespot Rockfish,2014,81,5,86,20,60
HKL,Squarespot Rockfish,2015,145,1,145,16,128
HKL,Squarespot Rockfish,2016,220,2,221,25,191
HKL,Squarespot Rockfish,2017,265,1,265,45,213
HKL,Squarespot Rockfish,2018,343,2,343,174,144
HKL,Squarespot Rockfish,2019,192,0,191,27,154
HKL,Starry Rockfish,2004,24,0,24,0,24
HKL,Starry Rockfish,2005,32,0,32,0,32
HKL,Starry Rockfish,2006,60,2,61,0,62
HKL,Starry Rockfish,2007,63,0,63,0,61
HKL,Starry Rockfish,2008,117,0,117,0,115
HKL,Starry Rockfish,2009,85,0,85,0,80
HKL,Starry Rockfish,2010,93,0,93,0,89
HKL,Starry Rockfish,2011,39,1,39,0,35
HKL,Starry Rockfish,2012,69,0,69,0,63
HKL,Starry Rockfish,2013,55,0,55,0,54
HKL,Starry Rockfish,2014,124,0,124,0,122
HKL,Starry Rockfish,2015,189,0,189,0,188
HKL,Starry Rockfish,2016,120,0,120,0,112
HKL,Starry Rockfish,2017,152,1,153,0,144
HKL,Starry Rockfish,2018,253,1,253,0,237
HKL,Starry Rockfish,2019,323,6,328,0,308
HKL,Treefish,2008,1,0,1,0,0
HKL,Treefish,2015,1,0,1,0,1
HKL,Treefish,2016,2,0,2,0,1
HKL,Treefish,2019,2,0,2,0,1
HKL,Vermilion Rockfish,2004,736,1,737,73,552
HKL,Vermilion Rockfish,2005,838,27,864,142,673
HKL,Vermilion Rockfish,2006,577,5,579,555,24
HKL,Vermilion Rockfish,2007,904,24,907,129,776
HKL,Vermilion Rockfish,2008,857,2,857,90,766
HKL,Vermilion Rockfish,2009,1062,6,1067,202,864
HKL,Vermilion Rockfish,2010,1151,3,1151,250,897
HKL,Vermilion Rockfish,2011,1325,3,1328,152,1166
HKL,Vermilion Rockfish,2012,1184,6,1184,169,1013
HKL,Vermilion Rockfish,2013,1224,12,1230,267,961
HKL,Vermilion Rockfish,2014,1698,9,1706,0,1696
HKL,Vermilion Rockfish,2015,1905,14,1911,0,1904
HKL,Vermilion Rockfish,2016,1905,14,1904,0,1863
HKL,Vermilion Rockfish,2017,2653,27,2649,0,1027
HKL,Vermilion Rockfish,2018,2645,17,2648,535,538
HKL,Vermilion Rockfish,2019,2233,35,2264,0,950
HKL,Widow Rockfish,2004,56,0,56,0,55
HKL,Widow Rockfish,2005,73,2,75,0,74
HKL,Widow Rockfish,2006,68,1,68,0,68
HKL,Widow Rockfish,2007,43,0,43,0,43
HKL,Widow Rockfish,2008,173,3,174,0,173
HKL,Widow Rockfish,2009,39,0,39,0,39
HKL,Widow Rockfish,2010,15,0,15,0,15
HKL,Widow Rockfish,2011,13,0,13,0,13
HKL,Widow Rockfish,2012,3,0,3,0,3
HKL,Widow Rockfish,2013,16,0,16,0,16
HKL,Widow Rockfish,2014,70,0,69,0,70
HKL,Widow Rockfish,2015,19,0,19,0,19
HKL,Widow Rockfish,2016,39,1,39,0,37
HKL,Widow Rockfish,2017,56,0,56,0,50
HKL,Widow Rockfish,2018,69,0,69,0,66
HKL,Widow Rockfish,2019,21,2,23,0,23
HKL,Yelloweye Rockfish,2004,1,0,1,0,1
HKL,Yelloweye Rockfish,2006,1,0,1,0,1
HKL,Yelloweye Rockfish,2007,3,0,3,0,3
HKL,Yelloweye Rockfish,2009,5,0,5,0,5
HKL,Yelloweye Rockfish,2010,2,0,2,0,2
HKL,Yelloweye Rockfish,2012,1,0,1,0,1
HKL,Yelloweye Rockfish,2015,13,0,13,0,13
HKL,Yelloweye Rockfish,2016,15,0,15,0,10
HKL,Yelloweye Rockfish,2017,15,0,15,0,15
HKL,Yelloweye Rockfish,2018,13,0,13,0,13
HKL,Yelloweye Rockfish,2019,17,0,17,0,16
HKL,Yellowtail Rockfish,2004,126,3,126,124,0
HKL,Yellowtail Rockfish,2005,107,25,122,0,122
HKL,Yellowtail Rockfish,2006,88,3,88,0,88
HKL,Yellowtail Rockfish,2007,119,12,119,0,119
HKL,Yellowtail Rockfish,2008,139,2,139,0,139
HKL,Yellowtail Rockfish,2009,79,6,80,0,80
HKL,Yellowtail Rockfish,2010,60,3,60,0,0
HKL,Yellowtail Rockfish,2011,78,52,126,0,1
HKL,Yellowtail Rockfish,2012,107,5,106,0,106
HKL,Yellowtail Rockfish,2013,93,6,96,0,95
HKL,Yellowtail Rockfish,2014,105,9,110,0,110
HKL,Yellowtail Rockfish,2015,78,2,78,0,78
HKL,Yellowtail Rockfish,2016,87,3,89,0,87
HKL,Yellowtail Rockfish,2017,46,0,46,0,40
HKL,Yellowtail Rockfish,2018,76,4,77,0,66
HKL,Yellowtail Rockfish,2019,67,4,69,0,61
